{
    "name": "Stepper", 
    "version": "1.1.3", 
    "keywords": [
        "device", 
        "control"
    ], 
    "description": "Allows Arduino boards to control a variety of stepper motors.", 
    "frameworks": [
        "arduino"
    ], 
    "platforms": [
        "atmelavr", 
        "atmelsam", 
        "espressif32", 
        "espressif8266", 
        "intel_arc32", 
        "microchippic32", 
        "nordicnrf51", 
        "nordicnrf52", 
        "ststm32", 
        "teensy", 
        "timsp430"
    ], 
    "authors": [
        {
            "email": "info@arduino.cc", 
            "url": null, 
            "maintainer": true, 
            "name": "Arduino"
        }
    ], 
    "repository": {
        "type": "git", 
        "url": "https://github.com/arduino-libraries/Stepper"
    }, 
    "homepage": "http://www.arduino.cc/en/Reference/Stepper", 
    "export": {
        "include": null, 
        "exclude": [
            "extras", 
            "docs", 
            "tests", 
            "test", 
            "*.doxyfile", 
            "*.pdf"
        ]
    }, 
    "id": 874
}